track_id,filename,predicted_genres,top_3_genres,top_scores,ground_truth_genres,precision,recall,f1,true_positives,false_positives,false_negatives
track_0903600,903600.mp3,['classical'],"['classical', 'soundtrack', 'orchestral']","[0.8463388681411743, 0.20723067224025726, 0.11259547621011734]","['classical', 'easylistening']",1.0,0.5,0.6666666666666666,['classical'],[],['easylistening']
track_0913700,913700.mp3,"['ambient', 'electronic']","['electronic', 'ambient', 'easylistening']","[0.42269933223724365, 0.35172075033187866, 0.16231970489025116]","['80s', 'chillout', 'electronic', 'pop']",0.5,0.25,0.3333333333333333,['electronic'],['ambient'],"['pop', 'chillout', '80s']"
track_0920000,920000.mp3,['classical'],"['classical', 'soundtrack', 'easylistening']","[0.6124036312103271, 0.2464173436164856, 0.1718612164258957]","['newage', 'soundtrack']",0.0,0.0,0.0,[],['classical'],"['soundtrack', 'newage']"
track_0922900,922900.mp3,[],"['electronic', 'pop', 'classical']","[0.2511674761772156, 0.14566338062286377, 0.1444028913974762]","['ambient', 'pop', 'popfolk', 'poprock', 'rock', 'soundtrack']",0.0,0.0,0.0,[],[],"['pop', 'rock', 'soundtrack', 'poprock', 'ambient', 'popfolk']"
track_0925400,925400.mp3,['classical'],"['classical', 'soundtrack', 'jazz']","[0.3281513452529907, 0.2664240896701813, 0.22829973697662354]","['chillout', 'jazz', 'lounge', 'triphop']",0.0,0.0,0.0,[],['classical'],"['lounge', 'chillout', 'triphop', 'jazz']"
track_0926200,926200.mp3,['classical'],"['classical', 'soundtrack', 'ambient']","[0.662291944026947, 0.2824454605579376, 0.21472688019275665]","['folk', 'poprock']",0.0,0.0,0.0,[],['classical'],"['folk', 'poprock']"
track_0934000,934000.mp3,['electronic'],"['electronic', 'pop', 'rock']","[0.6079098582267761, 0.16487127542495728, 0.1414055973291397]",['poprock'],0.0,0.0,0.0,[],['electronic'],['poprock']
track_0941400,941400.mp3,[],"['classical', 'soundtrack', 'electronic']","[0.20708909630775452, 0.1426425278186798, 0.11989572644233704]","['indie', 'progressive', 'rock']",0.0,0.0,0.0,[],[],"['rock', 'indie', 'progressive']"
track_0945200,945200.mp3,['electronic'],"['electronic', 'ambient', 'trance']","[0.7273788452148438, 0.2590138018131256, 0.1947801560163498]","['dance', 'dancepop', 'house', 'pop']",0.0,0.0,0.0,[],['electronic'],"['pop', 'dance', 'dancepop', 'house']"
track_0094700,94700.mp3,['jazz'],"['jazz', 'pop', 'ambient']","[0.5478419661521912, 0.266448974609375, 0.16802933812141418]","['instrumentalpop', 'jazz']",1.0,0.5,0.6666666666666666,['jazz'],[],['instrumentalpop']
track_0947800,947800.mp3,['rock'],"['rock', 'alternative', 'pop']","[0.45299598574638367, 0.2599330246448517, 0.14598426222801208]","['reggae', 'rockfrancais']",0.0,0.0,0.0,[],['rock'],"['reggae', 'rockfrancais']"
track_0950100,950100.mp3,['electronic'],"['electronic', 'techno', 'dance']","[0.7473064661026001, 0.24690216779708862, 0.24642272293567657]","['90s', 'dance', 'electronic', 'eurodance']",1.0,0.25,0.4,['electronic'],[],"['90s', 'dance', 'eurodance']"
track_0953500,953500.mp3,"['electronic', 'rock']","['electronic', 'rock', 'pop']","[0.4830686151981354, 0.3254140019416809, 0.20914220809936523]","['hiphop', 'rap']",0.0,0.0,0.0,[],"['electronic', 'rock']","['rap', 'hiphop']"
track_0095400,95400.mp3,['classical'],"['classical', 'soundtrack', 'experimental']","[0.6028383374214172, 0.23204809427261353, 0.10223505645990372]",['soundtrack'],0.0,0.0,0.0,[],['classical'],['soundtrack']
track_0954500,954500.mp3,"['ambient', 'electronic']","['ambient', 'electronic', 'experimental']","[0.4054851233959198, 0.38216912746429443, 0.20853644609451294]","['dubstep', 'electronic', 'house']",0.5,0.3333333333333333,0.4,['electronic'],['ambient'],"['house', 'dubstep']"
track_0009600,9600.mp3,"['classical', 'soundtrack']","['classical', 'soundtrack', 'electronic']","[0.6704819798469543, 0.3105852007865906, 0.25137993693351746]",['classical'],0.5,1.0,0.6666666666666666,['classical'],['soundtrack'],[]
track_0965600,965600.mp3,"['electronic', 'pop']","['electronic', 'pop', 'easylistening']","[0.3898892104625702, 0.327012836933136, 0.16963544487953186]",['classical'],0.0,0.0,0.0,[],"['electronic', 'pop']",['classical']
track_0966300,966300.mp3,"['ambient', 'electronic']","['electronic', 'ambient', 'soundtrack']","[0.3628728985786438, 0.31482189893722534, 0.18865123391151428]",['soundtrack'],0.0,0.0,0.0,[],"['electronic', 'ambient']",['soundtrack']
track_0970600,970600.mp3,[],"['electronic', 'pop', 'soundtrack']","[0.2601167559623718, 0.1558314859867096, 0.13559913635253906]","['newage', 'world']",0.0,0.0,0.0,[],[],"['newage', 'world']"
track_0973500,973500.mp3,['rock'],"['rock', 'electronic', 'metal']","[0.3914508521556854, 0.21803389489650726, 0.20913466811180115]","['classicrock', 'hardrock', 'rocknroll']",0.0,0.0,0.0,[],['rock'],"['hardrock', 'classicrock', 'rocknroll']"
track_0974000,974000.mp3,[],"['pop', 'jazz', 'rock']","[0.2796451449394226, 0.2213727831840515, 0.1186327338218689]","['acidjazz', 'blues', 'experimental', 'jazz', 'rock', 'triphop']",0.0,0.0,0.0,[],[],"['experimental', 'rock', 'triphop', 'acidjazz', 'blues', 'jazz']"
track_0985000,985000.mp3,['rock'],"['rock', 'pop', 'indie']","[0.4319814443588257, 0.2908037006855011, 0.20948384702205658]","['alternative', 'poprock']",0.0,0.0,0.0,[],['rock'],"['poprock', 'alternative']"
track_0992500,992500.mp3,"['pop', 'rock']","['rock', 'pop', 'poprock']","[0.5072690844535828, 0.3749953508377075, 0.22494201362133026]","['60s', 'easylistening', 'poprock']",0.0,0.0,0.0,[],"['pop', 'rock']","['easylistening', 'poprock', '60s']"
track_0996100,996100.mp3,[],"['soundtrack', 'ambient', 'electronic']","[0.24239325523376465, 0.20500600337982178, 0.17522114515304565]","['dub', 'dubstep', 'reggae']",0.0,0.0,0.0,[],[],"['dub', 'reggae', 'dubstep']"
track_0997000,997000.mp3,[],"['electronic', 'rock', 'pop']","[0.22980442643165588, 0.21367986500263214, 0.15513825416564941]","['pop', 'poprock', 'rock']",0.0,0.0,0.0,[],[],"['pop', 'rock', 'poprock']"
track_1378100,1378100.mp3,['electronic'],"['electronic', 'dance', 'trance']","[0.7955095767974854, 0.2981247007846832, 0.2779737710952759]","['90s', 'electronic', 'electropop']",1.0,0.3333333333333333,0.5,['electronic'],[],"['90s', 'electropop']"
track_1378200,1378200.mp3,['electronic'],"['electronic', 'ambient', 'soundtrack']","[0.5030620694160461, 0.23058156669139862, 0.12890523672103882]","['ambient', 'darkambient', 'hardcore']",0.0,0.0,0.0,[],['electronic'],"['darkambient', 'hardcore', 'ambient']"
track_1378900,1378900.mp3,['electronic'],"['electronic', 'ambient', 'soundtrack']","[0.6915149688720703, 0.2586948275566101, 0.13502666354179382]","['80s', '90s', 'breakbeat']",0.0,0.0,0.0,[],['electronic'],"['90s', 'breakbeat', '80s']"
track_1379100,1379100.mp3,[],"['electronic', 'classical', 'experimental']","[0.22115100920200348, 0.1700659692287445, 0.13555356860160828]",['poprock'],0.0,0.0,0.0,[],[],['poprock']
track_1380500,1380500.mp3,[],"['electronic', 'rock', 'reggae']","[0.21298979222774506, 0.2034539431333542, 0.14856521785259247]","['singersongwriter', 'souljazz', 'swing']",0.0,0.0,0.0,[],[],"['souljazz', 'singersongwriter', 'swing']"
track_1380600,1380600.mp3,"['electronic', 'soundtrack']","['soundtrack', 'electronic', 'ambient']","[0.3551100790500641, 0.3320368826389313, 0.2435241937637329]","['darkambient', 'soundtrack', 'world']",0.5,0.3333333333333333,0.4,['soundtrack'],['electronic'],"['darkambient', 'world']"
track_1381000,1381000.mp3,"['electronic', 'house']","['electronic', 'house', 'dance']","[0.6705973744392395, 0.35577353835105896, 0.2741392254829407]","['dance', 'electronic', 'experimental', 'house']",1.0,0.5,0.6666666666666666,"['electronic', 'house']",[],"['experimental', 'dance']"
track_1383900,1383900.mp3,['metal'],"['metal', 'industrial', 'experimental']","[0.4650106430053711, 0.158824622631073, 0.1457974761724472]","['dancehouse', 'electropop', 'newwave', 'synthpop']",0.0,0.0,0.0,[],['metal'],"['newwave', 'electropop', 'synthpop', 'dancehouse']"
track_1385200,1385200.mp3,['electronic'],"['electronic', 'house', 'chillout']","[0.5289506912231445, 0.24876578152179718, 0.21721883118152618]","['electronic', 'electropop', 'house']",1.0,0.3333333333333333,0.5,['electronic'],[],"['electropop', 'house']"
track_1385300,1385300.mp3,"['ambient', 'classical']","['ambient', 'classical', 'soundtrack']","[0.46323880553245544, 0.3169851303100586, 0.2451392114162445]","['ambient', 'electronic']",0.5,0.5,0.5,['ambient'],['classical'],['electronic']
track_1385600,1385600.mp3,['pop'],"['pop', 'electronic', 'poprock']","[0.5892387628555298, 0.23229363560676575, 0.12375694513320923]","['electronic', 'pop', 'synthpop']",1.0,0.3333333333333333,0.5,['pop'],[],"['electronic', 'synthpop']"
track_1388000,1388000.mp3,['electronic'],"['electronic', 'ambient', 'experimental']","[0.7001016139984131, 0.2321247011423111, 0.2270224392414093]","['electronic', 'industrial', 'rock']",1.0,0.3333333333333333,0.5,['electronic'],[],"['rock', 'industrial']"
track_1388600,1388600.mp3,['electronic'],"['electronic', 'ambient', 'chillout']","[0.5214221477508545, 0.14876976609230042, 0.14031031727790833]",['experimental'],0.0,0.0,0.0,[],['electronic'],['experimental']
track_1393000,1393000.mp3,['ambient'],"['ambient', 'electronic', 'classical']","[0.4119056165218353, 0.2820448875427246, 0.26489606499671936]","['ambient', 'electronic', 'newage']",1.0,0.3333333333333333,0.5,['ambient'],[],"['electronic', 'newage']"
track_1393100,1393100.mp3,['electronic'],"['electronic', 'soundtrack', 'ambient']","[0.3987308442592621, 0.25152528285980225, 0.23381607234477997]","['electronic', 'minimal', 'newage']",1.0,0.3333333333333333,0.5,['electronic'],[],"['newage', 'minimal']"
track_1393400,1393400.mp3,['electronic'],"['electronic', 'alternative', 'ambient']","[0.32137399911880493, 0.2790883779525757, 0.20113494992256165]","['alternative', 'hardrock', 'rock']",0.0,0.0,0.0,[],['electronic'],"['rock', 'hardrock', 'alternative']"
track_1393900,1393900.mp3,['electronic'],"['electronic', 'house', 'dance']","[0.690759539604187, 0.20055346190929413, 0.1955961138010025]","['electronic', 'experimental', 'techno']",1.0,0.3333333333333333,0.5,['electronic'],[],"['experimental', 'techno']"
track_1394400,1394400.mp3,[],"['electronic', 'pop', 'soundtrack']","[0.26010993123054504, 0.15583577752113342, 0.13558360934257507]","['alternative', 'pop']",0.0,0.0,0.0,[],[],"['pop', 'alternative']"
track_1395100,1395100.mp3,"['ambient', 'electronic']","['ambient', 'electronic', 'classical']","[0.42155465483665466, 0.3223850131034851, 0.26009345054626465]","['ambient', 'classical', 'orchestral', 'soundtrack']",0.5,0.25,0.3333333333333333,['ambient'],['electronic'],"['soundtrack', 'classical', 'orchestral']"
track_1395500,1395500.mp3,['pop'],"['pop', 'popfolk', 'reggae']","[0.4062291383743286, 0.2381555736064911, 0.18275487422943115]","['folk', 'pop', 'singersongwriter']",1.0,0.3333333333333333,0.5,['pop'],[],"['folk', 'singersongwriter']"
track_1396500,1396500.mp3,['classical'],"['classical', 'soundtrack', 'easylistening']","[0.9004369974136353, 0.25584879517555237, 0.1454596072435379]",['classical'],1.0,1.0,1.0,['classical'],[],[]
track_1397900,1397900.mp3,[],"['electronic', 'pop', 'soundtrack']","[0.26013705134391785, 0.15581320226192474, 0.13559263944625854]",['pop'],0.0,0.0,0.0,[],[],['pop']
track_1398100,1398100.mp3,"['classical', 'soundtrack']","['classical', 'soundtrack', 'easylistening']","[0.5675222277641296, 0.3693667948246002, 0.23204775154590607]","['chillout', 'pop', 'rnb']",0.0,0.0,0.0,[],"['soundtrack', 'classical']","['pop', 'rnb', 'chillout']"
track_1398500,1398500.mp3,"['classical', 'folk']","['classical', 'folk', 'easylistening']","[0.3910367488861084, 0.3056425154209137, 0.2291211634874344]","['folk', 'popfolk']",0.5,0.5,0.5,['folk'],['classical'],['popfolk']
track_1398800,1398800.mp3,['electronic'],"['electronic', 'ambient', 'techno']","[0.7348800301551819, 0.2039308249950409, 0.16595621407032013]","['atmospheric', 'chillout', 'electronic', 'lounge']",1.0,0.25,0.4,['electronic'],[],"['atmospheric', 'chillout', 'lounge']"
track_1399700,1399700.mp3,"['ambient', 'electronic']","['electronic', 'ambient', 'experimental']","[0.5103025436401367, 0.37627261877059937, 0.18692313134670258]","['club', 'deephouse', 'edm', 'electronic', 'synthpop', 'techno']",0.5,0.16666666666666666,0.25,['electronic'],['ambient'],"['edm', 'club', 'deephouse', 'techno', 'synthpop']"
track_1400500,1400500.mp3,['classical'],"['classical', 'ambient', 'electronic']","[0.31146883964538574, 0.29685449600219727, 0.2965209484100342]",['electronic'],0.0,0.0,0.0,[],['classical'],['electronic']
track_1400600,1400600.mp3,[],"['electronic', 'pop', 'soundtrack']","[0.2601167559623718, 0.1558314859867096, 0.13559913635253906]","['orchestral', 'rock', 'soundtrack']",0.0,0.0,0.0,[],[],"['soundtrack', 'rock', 'orchestral']"
track_1110000,1110000.mp3,[],"['pop', 'chillout', 'reggae']","[0.23838397860527039, 0.18685661256313324, 0.1862490028142929]","['electronic', 'soundtrack']",0.0,0.0,0.0,[],[],"['soundtrack', 'electronic']"
track_1110300,1110300.mp3,['classical'],"['classical', 'electronic', 'soundtrack']","[0.5861282348632812, 0.17382046580314636, 0.17218579351902008]","['ambient', 'classical', 'easylistening']",1.0,0.3333333333333333,0.5,['classical'],[],"['easylistening', 'ambient']"
track_1110500,1110500.mp3,['electronic'],"['electronic', 'ambient', 'experimental']","[0.5151012539863586, 0.29186245799064636, 0.258407860994339]","['ambient', 'electronic']",1.0,0.5,0.6666666666666666,['electronic'],[],['ambient']
track_1112000,1112000.mp3,"['ambient', 'classical']","['ambient', 'classical', 'soundtrack']","[0.433810293674469, 0.34976693987846375, 0.2791776955127716]","['alternative', 'electronic']",0.0,0.0,0.0,[],"['ambient', 'classical']","['electronic', 'alternative']"
track_1114500,1114500.mp3,"['electronic', 'pop']","['electronic', 'pop', 'alternative']","[0.44191306829452515, 0.3397580087184906, 0.21405687928199768]","['artrock', 'electronic', 'indie', 'krautrock']",0.5,0.25,0.3333333333333333,['electronic'],['pop'],"['artrock', 'indie', 'krautrock']"
track_1115100,1115100.mp3,"['hiphop', 'rap']","['hiphop', 'rap', 'electronic']","[0.8163961172103882, 0.3779034912586212, 0.10559170693159103]","['hiphop', 'rap']",1.0,1.0,1.0,"['rap', 'hiphop']",[],[]
track_1115400,1115400.mp3,[],"['electronic', 'pop', 'soundtrack']","[0.2591926157474518, 0.15160252153873444, 0.1485719233751297]","['jazz', 'jazzrock']",0.0,0.0,0.0,[],[],"['jazzrock', 'jazz']"
track_1115700,1115700.mp3,[],"['rock', 'pop', 'alternative']","[0.2916124165058136, 0.24879485368728638, 0.19055968523025513]","['indie', 'instrumentalpop', 'pop']",0.0,0.0,0.0,[],[],"['pop', 'instrumentalpop', 'indie']"
track_0111600,111600.mp3,[],"['pop', 'electronic', 'soundtrack']","[0.23026369512081146, 0.22971823811531067, 0.21490126848220825]","['easylistening', 'electronic', 'lounge']",0.0,0.0,0.0,[],[],"['lounge', 'electronic', 'easylistening']"
track_1116400,1116400.mp3,"['ambient', 'classical']","['classical', 'ambient', 'soundtrack']","[0.42607182264328003, 0.32227933406829834, 0.2862493693828583]",['classical'],0.5,1.0,0.6666666666666666,['classical'],['ambient'],[]
track_1118600,1118600.mp3,"['ambient', 'electronic']","['ambient', 'electronic', 'soundtrack']","[0.46816182136535645, 0.4637841284275055, 0.18004043400287628]","['ambient', 'electronic', 'experimental', 'orchestral']",1.0,0.5,0.6666666666666666,"['electronic', 'ambient']",[],"['experimental', 'orchestral']"
track_1119900,1119900.mp3,"['ambient', 'electronic']","['ambient', 'electronic', 'experimental']","[0.42121246457099915, 0.33041349053382874, 0.2642994821071625]","['ambient', 'newage']",0.5,0.5,0.5,['ambient'],['electronic'],['newage']
track_1121400,1121400.mp3,"['dance', 'electronic', 'house']","['electronic', 'dance', 'house']","[0.438384473323822, 0.4168033301830292, 0.30410563945770264]","['dance', 'pop', 'reggae']",0.3333333333333333,0.3333333333333333,0.3333333333333333,['dance'],"['electronic', 'house']","['pop', 'reggae']"
track_1123300,1123300.mp3,"['ambient', 'classical', 'soundtrack']","['classical', 'ambient', 'soundtrack']","[0.33930179476737976, 0.33452165126800537, 0.32126978039741516]","['acid', 'ambient', 'downbeat', 'electronic', 'electronica', 'soundtrack']",0.6666666666666666,0.3333333333333333,0.4444444444444444,"['soundtrack', 'ambient']",['classical'],"['electronic', 'electronica', 'acid', 'downbeat']"
track_1124800,1124800.mp3,"['alternative', 'punkrock', 'rock']","['rock', 'punkrock', 'alternative']","[0.8079808354377747, 0.3525765836238861, 0.33719030022621155]",['rock'],0.3333333333333333,1.0,0.5,['rock'],"['alternative', 'punkrock']",[]
track_1125100,1125100.mp3,['electronic'],"['electronic', 'trance', 'techno']","[0.7020162343978882, 0.2797597348690033, 0.24882791936397552]",['trance'],0.0,0.0,0.0,[],['electronic'],['trance']
track_1125400,1125400.mp3,['electronic'],"['electronic', 'experimental', 'alternative']","[0.3380012512207031, 0.1755354106426239, 0.17505231499671936]","['ambient', 'electronic', 'experimental']",1.0,0.3333333333333333,0.5,['electronic'],[],"['experimental', 'ambient']"
track_1126700,1126700.mp3,['jazz'],"['jazz', 'jazzfusion', 'swing']","[0.8808764815330505, 0.1704714000225067, 0.05568771809339523]","['jazz', 'jazzfusion']",1.0,0.5,0.6666666666666666,['jazz'],[],['jazzfusion']
track_1129800,1129800.mp3,['classical'],"['classical', 'soundtrack', 'ambient']","[0.35338184237480164, 0.27333009243011475, 0.26684293150901794]","['ambient', 'classical', 'electronic']",1.0,0.3333333333333333,0.5,['classical'],[],"['electronic', 'ambient']"
track_1131100,1131100.mp3,['rock'],"['rock', 'alternative', 'punkrock']","[0.5461716055870056, 0.26551830768585205, 0.23663535714149475]","['alternative', 'grunge', 'rock']",1.0,0.3333333333333333,0.5,['rock'],[],"['grunge', 'alternative']"
track_1132200,1132200.mp3,"['electronic', 'house']","['house', 'electronic', 'dance']","[0.5322622060775757, 0.4557700455188751, 0.2623806595802307]","['easylistening', 'swing']",0.0,0.0,0.0,[],"['electronic', 'house']","['easylistening', 'swing']"
track_1133100,1133100.mp3,"['ambient', 'electronic']","['electronic', 'ambient', 'experimental']","[0.44019585847854614, 0.31368395686149597, 0.28944942355155945]","['ambient', 'avantgarde', 'experimental', 'orchestral']",0.5,0.25,0.3333333333333333,['ambient'],['electronic'],"['avantgarde', 'experimental', 'orchestral']"
track_1134300,1134300.mp3,[],"['electronic', 'pop', 'soundtrack']","[0.20356866717338562, 0.16027839481830597, 0.1161169484257698]","['alternative', 'indie', 'indiepop']",0.0,0.0,0.0,[],[],"['indiepop', 'indie', 'alternative']"
track_1135200,1135200.mp3,"['ambient', 'electronic']","['electronic', 'ambient', 'soundtrack']","[0.5065609812736511, 0.4763771891593933, 0.1714341789484024]","['ambient', 'electronic']",1.0,1.0,1.0,"['electronic', 'ambient']",[],[]
track_1138700,1138700.mp3,['electronic'],"['electronic', 'reggae', 'dance']","[0.5597406029701233, 0.1836525946855545, 0.1592746526002884]","['hiphop', 'rap']",0.0,0.0,0.0,[],['electronic'],"['rap', 'hiphop']"
track_0114200,114200.mp3,['classical'],"['classical', 'ambient', 'soundtrack']","[0.4690926671028137, 0.2847873866558075, 0.1719120591878891]","['improvisation', 'world']",0.0,0.0,0.0,[],['classical'],"['improvisation', 'world']"
track_1143800,1143800.mp3,[],"['soundtrack', 'classical', 'pop']","[0.16024670004844666, 0.13898982107639313, 0.13369125127792358]","['ethno', 'orchestral', 'soundtrack']",0.0,0.0,0.0,[],[],"['soundtrack', 'ethno', 'orchestral']"
track_1149700,1149700.mp3,['pop'],"['pop', 'rock', 'folk']","[0.36896318197250366, 0.2922794222831726, 0.2137969434261322]","['rock', 'rocknroll', 'southernrock']",0.0,0.0,0.0,[],['pop'],"['rock', 'southernrock', 'rocknroll']"
track_1150900,1150900.mp3,['electronic'],"['electronic', 'chillout', 'instrumentalpop']","[0.32337820529937744, 0.173685222864151, 0.11940041184425354]","['popfolk', 'poprock', 'rock']",0.0,0.0,0.0,[],['electronic'],"['rock', 'poprock', 'popfolk']"
track_1154900,1154900.mp3,['electronic'],"['electronic', 'experimental', 'dubstep']","[0.3765876889228821, 0.25878164172172546, 0.25840720534324646]","['ambient', 'indie', 'jazz']",0.0,0.0,0.0,[],['electronic'],"['ambient', 'indie', 'jazz']"
track_1155000,1155000.mp3,['electronic'],"['electronic', 'ambient', 'trance']","[0.6084297895431519, 0.19101643562316895, 0.16493262350559235]","['dance', 'indie', 'indietronica', 'techno']",0.0,0.0,0.0,[],['electronic'],"['indietronica', 'dance', 'techno', 'indie']"
track_1155900,1155900.mp3,[],"['soundtrack', 'electronic', 'experimental']","[0.2532375156879425, 0.2161145657300949, 0.12000782042741776]","['classical', 'orchestral', 'soundtrack']",0.0,0.0,0.0,[],[],"['soundtrack', 'classical', 'orchestral']"
track_1156400,1156400.mp3,[],"['electronic', 'pop', 'soundtrack']","[0.2599216103553772, 0.15549980103969574, 0.13559450209140778]","['electronic', 'electropop']",0.0,0.0,0.0,[],[],"['electronic', 'electropop']"
track_1157600,1157600.mp3,[],"['electronic', 'soundtrack', 'classical']","[0.2557612359523773, 0.22835387289524078, 0.18971560895442963]","['hiphop', 'rap']",0.0,0.0,0.0,[],[],"['rap', 'hiphop']"
track_1158200,1158200.mp3,"['ambient', 'electronic']","['electronic', 'ambient', 'experimental']","[0.38082563877105713, 0.35237616300582886, 0.2018604725599289]","['ambient', 'soundtrack']",0.5,0.5,0.5,['ambient'],['electronic'],['soundtrack']
track_1159700,1159700.mp3,[],"['pop', 'folk', 'rock']","[0.2951565682888031, 0.1808554083108902, 0.12722977995872498]","['folk', 'popfolk']",0.0,0.0,0.0,[],[],"['folk', 'popfolk']"
track_1160600,1160600.mp3,['electronic'],"['electronic', 'ambient', 'experimental']","[0.614431619644165, 0.15132537484169006, 0.1221957579255104]","['funk', 'pop', 'rock', 'soul']",0.0,0.0,0.0,[],['electronic'],"['pop', 'rock', 'funk', 'soul']"
track_0031800,31800.mp3,[],"['electronic', 'pop', 'rock']","[0.2353614866733551, 0.1587897092103958, 0.14240765571594238]","['alternative', 'darkwave', 'electronic', 'experimental', 'gothic', 'industrial', 'newwave', 'progressive', 'rock']",0.0,0.0,0.0,[],[],"['electronic', 'progressive', 'darkwave', 'alternative', 'experimental', 'rock', 'gothic', 'newwave', 'industrial']"
track_0318600,318600.mp3,[],"['classical', 'world', 'electronic']","[0.1881421059370041, 0.16915805637836456, 0.13825634121894836]","['world', 'worldfusion']",0.0,0.0,0.0,[],[],"['worldfusion', 'world']"
track_0319100,319100.mp3,"['classical', 'electronic']","['electronic', 'classical', 'ambient']","[0.3438963294029236, 0.33188459277153015, 0.245925635099411]",['pop'],0.0,0.0,0.0,[],"['electronic', 'classical']",['pop']
track_0032200,32200.mp3,"['folk', 'pop']","['pop', 'folk', 'popfolk']","[0.43995851278305054, 0.32721996307373047, 0.2652800381183624]","['instrumentalpop', 'rock']",0.0,0.0,0.0,[],"['pop', 'folk']","['rock', 'instrumentalpop']"
track_0322100,322100.mp3,"['ambient', 'electronic']","['electronic', 'ambient', 'experimental']","[0.6655546426773071, 0.6082553863525391, 0.16934765875339508]",['electronic'],0.5,1.0,0.6666666666666666,['electronic'],['ambient'],[]
track_0332400,332400.mp3,['electronic'],"['electronic', 'house', 'dance']","[0.7040992975234985, 0.22916588187217712, 0.2250041365623474]","['electronic', 'techno']",1.0,0.5,0.6666666666666666,['electronic'],[],['techno']
track_0338000,338000.mp3,"['pop', 'rock']","['rock', 'pop', 'folk']","[0.4341519773006439, 0.352163165807724, 0.15538686513900757]","['pop', 'popfolk']",0.5,0.5,0.5,['pop'],['rock'],['popfolk']
track_0338200,338200.mp3,[],"['electronic', 'pop', 'soundtrack']","[0.26005133986473083, 0.1558370292186737, 0.13558202981948853]",['ambient'],0.0,0.0,0.0,[],[],['ambient']
track_0342300,342300.mp3,"['ambient', 'electronic', 'experimental']","['electronic', 'ambient', 'experimental']","[0.5932745337486267, 0.44002893567085266, 0.34665659070014954]","['alternative', 'ambient', 'experimental']",0.6666666666666666,0.6666666666666666,0.6666666666666666,"['experimental', 'ambient']",['electronic'],['alternative']
track_0347600,347600.mp3,[],"['electronic', 'experimental', 'soundtrack']","[0.28564953804016113, 0.20272205770015717, 0.20078912377357483]",['pop'],0.0,0.0,0.0,[],[],['pop']
