filename,predicted_genres,top_3_genres,scores
song_043_mixture.wav,[],"['dance', 'electronic', 'house']","[0.456857830286026, 0.3837999403476715, 0.37933772802352905]"
song_041_mixture.wav,[],"['house', 'chillout', 'dance']","[0.48865416646003723, 0.39388507604599, 0.3546575903892517]"
song_024_mixture.wav,[],"['electronic', 'pop', 'hiphop']","[0.2818621098995209, 0.18908017873764038, 0.181717187166214]"
song_061_mixture.wav,['rock'],"['rock', 'alternative', 'indie']","[0.6751944422721863, 0.3737001121044159, 0.3085661232471466]"
song_048_mixture.wav,[],"['electronic', 'pop', 'reggae']","[0.3409810960292816, 0.29958370327949524, 0.22256965935230255]"
song_067_mixture.wav,[],"['pop', 'electronic', 'chillout']","[0.3467508852481842, 0.2639799118041992, 0.2367091327905655]"
song_016_mixture.wav,['electronic'],"['electronic', 'ambient', 'chillout']","[0.6000985503196716, 0.2005976289510727, 0.1943054497241974]"
song_039_mixture.wav,[],"['pop', 'popfolk', 'rock']","[0.34570232033729553, 0.23227837681770325, 0.15827853977680206]"
song_028_mixture.wav,[],"['pop', 'electronic', 'hiphop']","[0.2782191336154938, 0.27566149830818176, 0.2749030292034149]"
song_047_mixture.wav,[],"['dance', 'house', 'electronic']","[0.30260327458381653, 0.2821432054042816, 0.26352831721305847]"
song_015_mixture.wav,[],"['rock', 'electronic', 'pop']","[0.2025141566991806, 0.1843377649784088, 0.18016667664051056]"
song_002_mixture.wav,[],"['pop', 'rock', 'poprock']","[0.4163345396518707, 0.23755449056625366, 0.1741829514503479]"
song_082_mixture.wav,"['hiphop', 'rap']","['hiphop', 'rap', 'pop']","[0.7193394899368286, 0.6103644967079163, 0.11296534538269043]"
song_032_mixture.wav,['pop'],"['pop', 'dance', 'electronic']","[0.5022075176239014, 0.15462087094783783, 0.1317972093820572]"
song_096_mixture.wav,[],"['electronic', 'pop', 'rock']","[0.45763081312179565, 0.4046287536621094, 0.1530819684267044]"
song_017_mixture.wav,['electronic'],"['electronic', 'pop', 'soundtrack']","[0.5108315944671631, 0.2577751576900482, 0.1950053721666336]"
song_005_mixture.wav,['electronic'],"['electronic', 'pop', 'chillout']","[0.5987673401832581, 0.30013588070869446, 0.15430477261543274]"
song_063_mixture.wav,[],"['dance', 'house', 'electronic']","[0.47894978523254395, 0.3807942569255829, 0.3678935766220093]"
song_006_mixture.wav,[],"['ambient', 'electronic', 'easylistening']","[0.3720499575138092, 0.33893901109695435, 0.20367063581943512]"
song_084_mixture.wav,[],"['rock', 'pop', 'indie']","[0.42980697751045227, 0.402476042509079, 0.33798015117645264]"
song_007_mixture.wav,['pop'],"['pop', 'hiphop', 'poprock']","[0.6586588621139526, 0.26779815554618835, 0.26557740569114685]"
song_035_mixture.wav,['jazz'],"['jazz', 'classical', 'swing']","[0.5616871118545532, 0.12904506921768188, 0.0878022238612175]"
song_008_mixture.wav,[],"['pop', 'electronic', 'dance']","[0.4783693850040436, 0.38569408655166626, 0.23190082609653473]"
song_010_mixture.wav,['pop'],"['pop', 'electronic', 'dance']","[0.5474634766578674, 0.48464125394821167, 0.4060477912425995]"
song_014_mixture.wav,[],"['pop', 'hiphop', 'rap']","[0.44373586773872375, 0.3860248923301697, 0.23792000114917755]"
song_078_mixture.wav,['jazz'],"['jazz', 'pop', 'jazzfusion']","[0.8406028747558594, 0.19881846010684967, 0.19341224431991577]"
song_089_mixture.wav,[],"['pop', 'latin', 'folk']","[0.3550584614276886, 0.3087116777896881, 0.13560238480567932]"
song_036_mixture.wav,['pop'],"['pop', 'rock', 'poprock']","[0.5040387511253357, 0.2812827229499817, 0.1782187670469284]"
song_030_mixture.wav,[],"['electronic', 'hiphop', 'pop']","[0.3056638538837433, 0.13937930762767792, 0.1209811419248581]"
song_090_mixture.wav,[],"['pop', 'classical', 'jazz']","[0.3690820038318634, 0.1846909373998642, 0.13546566665172577]"
song_087_mixture.wav,[],"['hiphop', 'pop', 'electronic']","[0.4513886272907257, 0.44523194432258606, 0.31587737798690796]"
song_058_mixture.wav,[],"['pop', 'rock', 'electronic']","[0.3618471026420593, 0.3116031289100647, 0.1795888990163803]"
song_040_mixture.wav,[],"['rock', 'pop', 'funk']","[0.47545260190963745, 0.4286070466041565, 0.16194698214530945]"
song_075_mixture.wav,['pop'],"['pop', 'rock', 'popfolk']","[0.5135931968688965, 0.24177952110767365, 0.21916905045509338]"
song_013_mixture.wav,[],"['electronic', 'pop', 'dubstep']","[0.4784754812717438, 0.4170621633529663, 0.15848326683044434]"
song_045_mixture.wav,['electronic'],"['electronic', 'house', 'dance']","[0.6058633327484131, 0.4321371912956238, 0.25123706459999084]"
song_092_mixture.wav,['pop'],"['pop', 'electronic', 'chillout']","[0.7691748142242432, 0.236395925283432, 0.20308071374893188]"
song_000_mixture.wav,['pop'],"['pop', 'poprock', 'rock']","[0.6694902181625366, 0.3594301640987396, 0.3242315351963043]"
song_062_mixture.wav,[],"['chillout', 'dance', 'house']","[0.3059314489364624, 0.3010072410106659, 0.2957949936389923]"
song_020_mixture.wav,['reggae'],"['reggae', 'pop', 'hiphop']","[0.5022265315055847, 0.235419362783432, 0.0834357962012291]"
song_070_mixture.wav,[],"['hiphop', 'pop', 'rap']","[0.4229213297367096, 0.35761019587516785, 0.3519648015499115]"
song_095_mixture.wav,[],"['pop', 'electronic', 'reggae']","[0.4839600920677185, 0.276318222284317, 0.16473083198070526]"
song_054_mixture.wav,['pop'],"['pop', 'poprock', 'rock']","[0.5106856226921082, 0.13973447680473328, 0.13052871823310852]"
song_098_mixture.wav,['hiphop'],"['hiphop', 'rap', 'pop']","[0.6521642804145813, 0.3602912425994873, 0.2767678499221802]"
song_026_mixture.wav,['pop'],"['pop', 'popfolk', 'jazz']","[0.5676610469818115, 0.15034380555152893, 0.13970203697681427]"
song_052_mixture.wav,['electronic'],"['electronic', 'dance', 'trance']","[0.6199498772621155, 0.47756245732307434, 0.21734045445919037]"
song_069_mixture.wav,['pop'],"['pop', 'electronic', 'dance']","[0.667980432510376, 0.27755504846572876, 0.17198017239570618]"
song_009_mixture.wav,[],"['pop', 'singersongwriter', 'alternative']","[0.48378798365592957, 0.22858630120754242, 0.15267378091812134]"
song_073_mixture.wav,"['pop', 'rock']","['pop', 'rock', 'indie']","[0.5095388293266296, 0.5060235261917114, 0.21245472133159637]"
song_033_mixture.wav,['pop'],"['pop', 'electronic', 'dance']","[0.53684401512146, 0.4602988064289093, 0.310014545917511]"
song_029_mixture.wav,[],"['pop', 'reggae', 'hiphop']","[0.3698294758796692, 0.3285762071609497, 0.2413640022277832]"
song_068_mixture.wav,[],"['pop', 'chillout', 'lounge']","[0.4424169361591339, 0.12840446829795837, 0.10675624012947083]"
song_083_mixture.wav,[],"['pop', 'ambient', 'popfolk']","[0.41784051060676575, 0.16119302809238434, 0.15756438672542572]"
song_064_mixture.wav,['pop'],"['pop', 'electronic', 'easylistening']","[0.5866918563842773, 0.17482160031795502, 0.15453171730041504]"
song_099_mixture.wav,['hiphop'],"['hiphop', 'rap', 'reggae']","[0.5188028812408447, 0.3610571324825287, 0.22826649248600006]"
song_012_mixture.wav,['electronic'],"['electronic', 'pop', 'ambient']","[0.5989874005317688, 0.24447770416736603, 0.23316481709480286]"
song_037_mixture.wav,[],"['pop', 'electronic', 'dance']","[0.3940558433532715, 0.29356175661087036, 0.17491017282009125]"
song_066_mixture.wav,['pop'],"['pop', 'electronic', 'electropop']","[0.6495224833488464, 0.2871648371219635, 0.15404246747493744]"
song_023_mixture.wav,[],"['rock', 'pop', 'electronic']","[0.45484331250190735, 0.34265127778053284, 0.31307855248451233]"
song_055_mixture.wav,['pop'],"['pop', 'rock', 'poprock']","[0.5366234183311462, 0.4580802321434021, 0.303153932094574]"
song_051_mixture.wav,['pop'],"['pop', 'rock', 'electronic']","[0.6250548958778381, 0.2195943295955658, 0.21427427232265472]"
song_072_mixture.wav,['pop'],"['pop', 'rock', 'folk']","[0.5409942269325256, 0.25672590732574463, 0.17150434851646423]"
song_071_mixture.wav,[],"['hiphop', 'reggae', 'rap']","[0.3760784864425659, 0.2671976685523987, 0.2543093264102936]"
song_022_mixture.wav,"['hiphop', 'rap']","['rap', 'hiphop', 'pop']","[0.8550482988357544, 0.8416371941566467, 0.3668363392353058]"
song_019_mixture.wav,"['hiphop', 'reggae']","['reggae', 'hiphop', 'rap']","[0.7234501838684082, 0.6273412704467773, 0.28755488991737366]"
song_049_mixture.wav,[],"['electronic', 'pop', 'hiphop']","[0.3722034990787506, 0.2695397734642029, 0.25442472100257874]"
song_065_mixture.wav,[],"['electronic', 'ambient', 'chillout']","[0.2629168629646301, 0.20586712658405304, 0.14609666168689728]"
song_094_mixture.wav,[],"['electronic', 'hiphop', 'pop']","[0.3967151939868927, 0.3714379072189331, 0.33561357855796814]"
song_091_mixture.wav,['jazz'],"['jazz', 'classical', 'pop']","[0.5462797284126282, 0.1570994108915329, 0.13623443245887756]"
song_031_mixture.wav,[],"['pop', 'electronic', 'hiphop']","[0.4112285375595093, 0.4092048704624176, 0.3393894135951996]"
song_044_mixture.wav,['chillout'],"['chillout', 'house', 'dance']","[0.5539950728416443, 0.41658687591552734, 0.34116441011428833]"
song_074_mixture.wav,['pop'],"['pop', 'electronic', 'rock']","[0.5769332647323608, 0.13042542338371277, 0.12019837647676468]"
song_021_mixture.wav,[],"['hiphop', 'rap', 'reggae']","[0.43639370799064636, 0.3066613972187042, 0.28680220246315]"
song_056_mixture.wav,['chillout'],"['chillout', 'house', 'pop']","[0.5223652124404907, 0.3960118889808655, 0.27374449372291565]"
song_027_mixture.wav,['pop'],"['pop', 'poprock', 'rock']","[0.6991181969642639, 0.310181587934494, 0.2779906392097473]"
song_080_mixture.wav,['reggae'],"['reggae', 'pop', 'latin']","[0.8864979147911072, 0.21078234910964966, 0.12646299600601196]"
song_097_mixture.wav,[],"['house', 'pop', 'chillout']","[0.36621740460395813, 0.3637832701206207, 0.2824097275733948]"
song_085_mixture.wav,['electronic'],"['electronic', 'rock', 'alternative']","[0.537330687046051, 0.4649278223514557, 0.262332558631897]"
song_077_mixture.wav,['pop'],"['pop', 'popfolk', 'rock']","[0.6047874093055725, 0.3637724220752716, 0.23659448325634003]"
song_018_mixture.wav,[],"['pop', 'soundtrack', 'popfolk']","[0.437430202960968, 0.1571369171142578, 0.10222995281219482]"
song_038_mixture.wav,['jazz'],"['jazz', 'jazzfusion', 'latin']","[0.9405400156974792, 0.21179711818695068, 0.11532972007989883]"
song_034_mixture.wav,[],"['pop', 'jazz', 'world']","[0.1708359271287918, 0.1614229530096054, 0.11552783101797104]"
song_081_mixture.wav,[],"['rap', 'hiphop', 'pop']","[0.4883967638015747, 0.4845094084739685, 0.257817804813385]"
song_079_mixture.wav,[],"['pop', 'hiphop', 'reggae']","[0.408921480178833, 0.22472122311592102, 0.13167400658130646]"
song_050_mixture.wav,['electronic'],"['electronic', 'pop', 'dance']","[0.5262958407402039, 0.1889961063861847, 0.15804529190063477]"
song_003_mixture.wav,['pop'],"['pop', 'poprock', 'indie']","[0.5503201484680176, 0.41751784086227417, 0.240413635969162]"
song_093_mixture.wav,['chillout'],"['chillout', 'pop', 'house']","[0.5903311371803284, 0.41639214754104614, 0.3382517695426941]"
song_042_mixture.wav,[],"['house', 'dance', 'electronic']","[0.43969494104385376, 0.4068693518638611, 0.4059821665287018]"
song_011_mixture.wav,['pop'],"['pop', 'hiphop', 'electronic']","[0.5884580612182617, 0.14835835993289948, 0.1408618837594986]"
song_076_mixture.wav,['pop'],"['pop', 'easylistening', 'chillout']","[0.5493671894073486, 0.314168781042099, 0.27365219593048096]"
song_004_mixture.wav,[],"['electronic', 'ambient', 'chillout']","[0.4448021948337555, 0.3839816153049469, 0.16012856364250183]"
song_086_mixture.wav,['hiphop'],"['hiphop', 'rap', 'pop']","[0.6401129961013794, 0.42737483978271484, 0.3488629460334778]"
song_046_mixture.wav,[],"['house', 'electronic', 'dance']","[0.4331621527671814, 0.36665546894073486, 0.36548715829849243]"
song_053_mixture.wav,['pop'],"['pop', 'indie', 'popfolk']","[0.6296274662017822, 0.2919769287109375, 0.28218895196914673]"
song_001_mixture.wav,[],"['rock', 'blues', 'pop']","[0.4213863015174866, 0.1567232757806778, 0.14587882161140442]"
song_059_mixture.wav,[],"['electronic', 'pop', 'house']","[0.4056923985481262, 0.3051829934120178, 0.30367806553840637]"
song_025_mixture.wav,['ambient'],"['ambient', 'electronic', 'soundtrack']","[0.5456324815750122, 0.40425634384155273, 0.1812032163143158]"
song_088_mixture.wav,"['country', 'folk', 'latin']","['country', 'folk', 'latin']","[0.6257903575897217, 0.6085202097892761, 0.5548489689826965]"
song_057_mixture.wav,[],"['electronic', 'ambient', 'soundtrack']","[0.4360108971595764, 0.18807673454284668, 0.1818944662809372]"
song_060_mixture.wav,['rock'],"['rock', 'alternative', 'grunge']","[0.8220914602279663, 0.39586061239242554, 0.25896841287612915]"
